{
  "project_info": {
    "project_number": "416275161910",
    "project_id": "soundiify",
    "storage_bucket": "soundiify.appspot.com"
  },
  "client": [
    {
      "client_info": {
        "mobilesdk_app_id": "1:416275161910:android:9a39b7af72cf85fdf58997",
        "android_client_info": {
          "package_name": "com.example.soundiify"
        }
      },
      "oauth_client": [
        {
          "client_id": "416275161910-a7362grgtkr8mmjdaj917bnptvjuia3n.apps.googleusercontent.com",
          "client_type": 3
        }
      ],
      "api_key": [
        {
          "current_key": "AIzaSyDNEr4rBZqsn3LQ1MkSKa61oXQsx_vS9t4"
        }
      ],
      "services": {
        "appinvite_service": {
          "other_platform_oauth_client": [
            {
              "client_id": "416275161910-a7362grgtkr8mmjdaj917bnptvjuia3n.apps.googleusercontent.com",
              "client_type": 3
            }
          ]
        }
      }
    }
  ],
  "configuration_version": "1"
}